date,ramadan
13/04/2021,1
14/04/2021,1
15/04/2021,1
16/04/2021,1
17/04/2021,1
18/04/2021,1
19/04/2021,1
20/04/2021,1
21/04/2021,1
22/04/2021,1
23/04/2021,1
24/04/2021,1
25/04/2021,1
26/04/2021,1
27/04/2021,1
28/04/2021,1
29/04/2021,1
30/04/2021,1
01/05/2021,1
02/05/2021,1
03/05/2021,1
04/05/2021,1
05/05/2021,1
06/05/2021,1
07/05/2021,1
08/05/2021,1
09/05/2021,1
10/05/2021,1
11/05/2021,1
12/05/2021,1
16/05/2018,1
17/05/2018,1
18/05/2018,1
19/05/2018,1
20/05/2018,1
21/05/2018,1
22/05/2018,1
23/05/2018,1
24/05/2018,1
25/05/2018,1
26/05/2018,1
27/05/2018,1
28/05/2018,1
29/05/2018,1
30/05/2018,1
31/05/2018,1
01/06/2018,1
02/06/2018,1
03/06/2018,1
04/06/2018,1
05/06/2018,1
06/06/2018,1
07/06/2018,1
08/06/2018,1
09/06/2018,1
10/06/2018,1
11/06/2018,1
12/06/2018,1
13/06/2018,1
14/06/2018,1
17/06/2015,1
18/06/2015,1
19/06/2015,1
20/06/2015,1
21/06/2015,1
22/06/2015,1
23/06/2015,1
24/06/2015,1
25/06/2015,1
26/06/2015,1
27/06/2015,1
28/06/2015,1
29/06/2015,1
30/06/2015,1
01/07/2015,1
02/07/2015,1
03/07/2015,1
04/07/2015,1
05/07/2015,1
06/07/2015,1
07/07/2015,1
08/07/2015,1
09/07/2015,1
10/07/2015,1
11/07/2015,1
12/07/2015,1
13/07/2015,1
14/07/2015,1
15/07/2015,1
16/07/2015,1
01/08/2011,1
02/08/2011,1
03/08/2011,1
04/08/2011,1
05/08/2011,1
06/08/2011,1
07/08/2011,1
08/08/2011,1
09/08/2011,1
10/08/2011,1
11/08/2011,1
12/08/2011,1
13/08/2011,1
14/08/2011,1
15/08/2011,1
16/08/2011,1
17/08/2011,1
18/08/2011,1
19/08/2011,1
20/08/2011,1
21/08/2011,1
22/08/2011,1
23/08/2011,1
24/08/2011,1
25/08/2011,1
26/08/2011,1
27/08/2011,1
28/08/2011,1
29/08/2011,1
20/07/2012,1
21/07/2012,1
22/07/2012,1
23/07/2012,1
24/07/2012,1
25/07/2012,1
26/07/2012,1
27/07/2012,1
28/07/2012,1
29/07/2012,1
30/07/2012,1
31/07/2012,1
01/08/2012,1
02/08/2012,1
03/08/2012,1
04/08/2012,1
05/08/2012,1
06/08/2012,1
07/08/2012,1
08/08/2012,1
09/08/2012,1
10/08/2012,1
11/08/2012,1
12/08/2012,1
13/08/2012,1
14/08/2012,1
15/08/2012,1
16/08/2012,1
17/08/2012,1
18/08/2012,1
24/04/2020,1
25/04/2020,1
26/04/2020,1
27/04/2020,1
28/04/2020,1
29/04/2020,1
30/04/2020,1
01/05/2020,1
02/05/2020,1
03/05/2020,1
04/05/2020,1
05/05/2020,1
06/05/2020,1
07/05/2020,1
08/05/2020,1
09/05/2020,1
10/05/2020,1
11/05/2020,1
12/05/2020,1
13/05/2020,1
14/05/2020,1
15/05/2020,1
16/05/2020,1
17/05/2020,1
18/05/2020,1
19/05/2020,1
20/05/2020,1
21/05/2020,1
22/05/2020,1
23/05/2020,1
27/05/2017,1
28/05/2017,1
29/05/2017,1
30/05/2017,1
31/05/2017,1
01/06/2017,1
02/06/2017,1
03/06/2017,1
04/06/2017,1
05/06/2017,1
06/06/2017,1
07/06/2017,1
08/06/2017,1
09/06/2017,1
10/06/2017,1
11/06/2017,1
12/06/2017,1
13/06/2017,1
14/06/2017,1
15/06/2017,1
16/06/2017,1
17/06/2017,1
18/06/2017,1
19/06/2017,1
20/06/2017,1
21/06/2017,1
22/06/2017,1
23/06/2017,1
24/06/2017,1
25/06/2017,1
28/06/2014,1
29/06/2014,1
30/06/2014,1
01/07/2014,1
02/07/2014,1
03/07/2014,1
04/07/2014,1
05/07/2014,1
06/07/2014,1
07/07/2014,1
08/07/2014,1
09/07/2014,1
10/07/2014,1
11/07/2014,1
12/07/2014,1
13/07/2014,1
14/07/2014,1
15/07/2014,1
16/07/2014,1
17/07/2014,1
18/07/2014,1
19/07/2014,1
20/07/2014,1
21/07/2014,1
22/07/2014,1
23/07/2014,1
24/07/2014,1
25/07/2014,1
26/07/2014,1
27/07/2014,1
06/05/2019,1
07/05/2019,1
08/05/2019,1
09/05/2019,1
10/05/2019,1
11/05/2019,1
12/05/2019,1
13/05/2019,1
14/05/2019,1
15/05/2019,1
16/05/2019,1
17/05/2019,1
18/05/2019,1
19/05/2019,1
20/05/2019,1
21/05/2019,1
22/05/2019,1
23/05/2019,1
24/05/2019,1
25/05/2019,1
26/05/2019,1
27/05/2019,1
28/05/2019,1
29/05/2019,1
30/05/2019,1
31/05/2019,1
01/06/2019,1
02/06/2019,1
03/06/2019,1
04/06/2019,1
06/06/2016,1
07/06/2016,1
08/06/2016,1
09/06/2016,1
10/06/2016,1
11/06/2016,1
12/06/2016,1
13/06/2016,1
14/06/2016,1
15/06/2016,1
16/06/2016,1
17/06/2016,1
18/06/2016,1
19/06/2016,1
20/06/2016,1
21/06/2016,1
22/06/2016,1
23/06/2016,1
24/06/2016,1
25/06/2016,1
26/06/2016,1
27/06/2016,1
28/06/2016,1
29/06/2016,1
30/06/2016,1
01/07/2016,1
02/07/2016,1
03/07/2016,1
04/07/2016,1
05/07/2016,1
09/07/2013,1
10/07/2013,1
11/07/2013,1
12/07/2013,1
13/07/2013,1
14/07/2013,1
15/07/2013,1
16/07/2013,1
17/07/2013,1
18/07/2013,1
19/07/2013,1
20/07/2013,1
21/07/2013,1
22/07/2013,1
23/07/2013,1
24/07/2013,1
25/07/2013,1
26/07/2013,1
27/07/2013,1
28/07/2013,1
29/07/2013,1
30/07/2013,1
31/07/2013,1
01/08/2013,1
02/08/2013,1
03/08/2013,1
04/08/2013,1
05/08/2013,1
06/08/2013,1
07/08/2013,1